,year,month,day,hour,link_id,spot_name,spot_name2,speed,rainfall,weather,traffic,time,basic_idx,risk_idx,signal,warning,point_x,point_y
0,2021,10,08,8,1000011600,율곡로(안국역),안국역사거리,17.2,0,1.0,1.05,1.0,0.14971106303999998,1.57196616192,gray,주의,37.5768115,126.9861629
1,2021,10,08,8,1000009000,대학로(한국방송통신대학교),이화사거리,17.2,0,1.0,1.05,1.0,0.26372421504000004,2.7691042579200005,gray,주의,37.5761174,127.0022169
2,2021,10,08,8,1000008300,세종대로(시청역2),광하문우체국사거리,25.7,0,1.0,1.0,1.0,2.3668606156800003,23.668606156800003,purple,위험,37.5698001,126.9780682
3,2021,10,08,8,1000002200,종로(동묘앞역),동묘앞역사거리,21.6,0,1.0,1.0,1.0,1.685570439168,16.85570439168,gray,주의,37.573246,127.016589
4,2021,10,08,8,1000001100,종로(종로3가역),종로3가역사거리,21.0,0,1.0,1.0,1.0,1.00520285184,10.0520285184,gray,주의,37.570436,126.992148
